Sample-1,10
Sample-2,11
Sample-3,12
Sample-4,13
Sample-5,14
Sample-6,15
Sample-7,16
Sample-8,19
Sample-9,20
Sample-10,21
Sample-11,22
Sample-12,23
Sample-13,24
Sample-14,27
Sample-15,28
Sample-16,29
Sample-17,30
Sample-18,31
Sample-19,32
Sample-20,35
Sample-21,36
Sample-22,37
Sample-23,38
Sample-24,39
Sample-25,40
Sample-26,43
Sample-27,44
Sample-28,45
Sample-29,46
Sample-30,47
Sample-31,48
Sample-32,51
Sample-33,52
Sample-34,53
Sample-35,54
Sample-36,55
Sample-37,56
Sample-38,59
Sample-39,60
Sample-40,61
Sample-41,62
Sample-42,63
Sample-43,64
Sample-44,67
Sample-45,68
Sample-46,69
Sample-47,70
Sample-48,71
Sample-49,72
Sample-50,75
Sample-51,76
Sample-52,77
Sample-53,78
Sample-54,79
Sample-55,80
Control-1,83
Control-2,84
Control-3,85
Control-4,86
Control-5,87
